{"ego_ID": 1, "timestamp": 291.7758728042245, "ego_speed": 4.87, "ego_angle": 36.29, "ego_latitude": 41.999828775141395, "ego_longitude": 1.9998468205661704, "Radar_front": [], "Radar_back": [], "collided": []}