{"ego_ID": 1, "timestamp": 79.41448019444942, "ego_speed": 4.82, "ego_angle": -70.04, "ego_latitude": -4.7916626556343545e-05, "ego_longitude": -0.0006567267145987527, "Radar_front": [], "Radar_back": [], "collided": []}